Rack:Tube,Solution Label,Timestamp,Al 237.312 nm ppm,Al 308.215 nm ppm,Ca 315.887 nm ppm,Ca 422.673 nm ppm,Fe 238.204 nm ppm,Fe 259.940 nm ppm,K 766.491 nm ppm,K 769.897 nm ppm,Mg 279.553 nm ppm,Mg 280.270 nm ppm,Mn 257.610 nm ppm,Mn 293.931 nm ppm,Na 588.995 nm ppm,Na 589.592 nm ppm,P 213.618 nm ppm,P 214.914 nm ppm,Ti 334.941 nm ppm,Ti 336.122 nm ppm,Al 237.312 nm c/s,Al 308.215 nm c/s,Ca 315.887 nm c/s,Ca 422.673 nm c/s,Fe 238.204 nm c/s,Fe 259.940 nm c/s,K 766.491 nm c/s,K 769.897 nm c/s,Mg 279.553 nm c/s,Mg 280.270 nm c/s,Mn 257.610 nm c/s,Mn 293.931 nm c/s,Na 588.995 nm c/s,Na 589.592 nm c/s,P 213.618 nm c/s,P 214.914 nm c/s,Ti 334.941 nm c/s,Ti 336.122 nm c/s
Rack:Tube,Solution Label,Timestamp,Al 237.312 nm ppm,Al 308.215 nm ppm,Ca 315.887 nm ppm,Ca 422.673 nm ppm,Fe 238.204 nm ppm,Fe 259.940 nm ppm,K 766.491 nm ppm,K 769.897 nm ppm,Mg 279.553 nm ppm,Mg 280.270 nm ppm,Mn 257.610 nm ppm,Mn 293.931 nm ppm,Na 588.995 nm ppm,Na 589.592 nm ppm,P 213.618 nm ppm,P 214.914 nm ppm,Ti 334.941 nm ppm,Ti 336.122 nm ppm,Al 237.312 nm c/s,Al 308.215 nm c/s,Ca 315.887 nm c/s,Ca 422.673 nm c/s,Fe 238.204 nm c/s,Fe 259.940 nm c/s,K 766.491 nm c/s,K 769.897 nm c/s,Mg 279.553 nm c/s,Mg 280.270 nm c/s,Mn 257.610 nm c/s,Mn 293.931 nm c/s,Na 588.995 nm c/s,Na 589.592 nm c/s,P 213.618 nm c/s,P 214.914 nm c/s,Ti 334.941 nm c/s,Ti 336.122 nm c/s
S1:1,Blank,7/7/2025 12:31,0,0,0,0,0,0,0,0,0,0,0,0,0,0,0,0,0,0,80.67,237.3,-27.21,710.42,1133.41,752.24,574.57,12409.79,5366.46,1633.59,74.5,22.6,9571.54,657.35,3.18,2.2,194.5,32.78
S1:2,Standard 1,7/7/2025 12:33,1.56,1.56,0.32,0.32,1.58,1.58,0.77,0.77,0.32,0.32,0.33,0.33,0.32,0.32,0.31,0.31,0.34,0.34,7455.7,13795.04,6078.56,65583.07,145640.98,91512.47,37682.07,45581.42,454098.81,138301.55,131389.13,19658.59,154491.95,70955.13,806.03,337.56,102192.67,73008.1
S1:3,Standard 2,7/7/2025 12:35,3.16,3.16,0.66,0.66,3.16,3.16,1.56,1.56,0.64,0.64,0.67,0.67,0.65,0.65,0.63,0.63,0.69,0.69,14990.58,27858.67,12403.32,135094.45,294721.36,184905.98,79124.37,81018.72,911836.04,278690.49,265197.23,39601.42,313043.15,148596.39,1618.46,685.82,208800.41,149151.41
S1:4,Standard 3,7/7/2025 12:37,6.32,6.32,1.31,1.31,6.33,6.33,3.12,3.12,1.28,1.28,1.34,1.34,1.3,1.3,1.27,1.27,1.37,1.37,29820.52,55401.32,24497.51,272109.32,580706.98,363542.36,166485.77,157041.71,1771390.79,543147.78,522700.25,78564.25,630802.86,311305.36,3253.55,1377.93,413584.69,297763.69
S1:5,Standard 4,7/7/2025 12:39,12.5,12.5,2.6,2.6,12.53,12.53,6.17,6.17,2.53,2.53,2.66,2.66,2.57,2.57,2.5,2.5,2.72,2.72,58167.37,109457.13,47690.39,544488.22,1126180.21,701727.79,348507.35,320391.84,3360065.7,1046394.69,1012778.64,153172.04,1321594.62,657397.85,6419.4,2695.87,813244.5,581114.79
S1:6,Standard 5,7/7/2025 12:41,25.05,25.05,5.2,5.2,25.11,25.11,12.37,12.37,5.08,5.08,5.33,5.33,5.15,5.15,5.02,5.02,5.44,5.44,115485.08,219924.31,94196.38,1100434.32,2184571.51,1371172.1,731829.81,682087.03,6223459.66,2013069.47,1985998.72,301990.28,2815530.23,1423141.77,12768.15,5382.9,1608870.61,1150870.6
S1:7,Standard 6,7/7/2025 12:43,49.69,49.69,10.32,10.32,49.8,49.8,24.54,--,--,10.07,10.57,10.57,10.21,--,9.96,9.96,10.79,10.79,225348.06,433048.38,183498,2173594.71,4103021.11,2591156.36,1510181.44,--,--,3740028.32,3780930.53,581087.67,5836985.02,--,25157.16,10601.81,3096547.67,2231454.84
1:01,BLK 1,7/7/2025 12:45,-0.08 u,-0.47 u,14.78,16.69,6.94,6.81,0.65,-0.57 u,1.78,1.77,0.12,0.12,19.49,19.55,-0.23 u,0.42 u,0.17,0.16,79,218.96,1198.93,15717.96,3848.36,2444.13,730.5,12295.79,16239.7,4908.36,282.11,54.11,53315.65,21847.77,0.54,4.23,408.78,181.12
1:02,BLK 2,7/7/2025 12:47,-0.93 u,-1.13 u,1.81,3.31,3.87,3.75,-1.32 u,-4.35 u,0.16,0.16,0.03,0.05 u,0.64,0.78,0.34,0.57,0.03,0.00 u,61.52,194.44,120.74,3638.86,2621.41,1666.78,260.18,11545.9,6356.07,1931.33,127.18,34.41,10986.57,1489.58,6.98,4.87,237.89,36.59
1:03,BLK 3,7/7/2025 12:49,-0.48 u,-0.13 u,6.48,9.49,5.27,5.11,0.79,-0.17 u,0.96,0.96,0.03,-0.01 u,7.19,7.25,0.11 u,0.07 u,0.02,0.01,70.82,232.28,502.42,9117.88,3164.38,2002.98,761.59,12376.61,11109.04,3377.83,130.97,19.71,25463.05,8395.44,4.44,2.51,223.14,38.79
S1:8,QC MES 5 ppm,7/7/2025 12:51,5.11,5.13,4.95,5.22,5.25,5.18,5.28,5.57,4.59,4.89,5.08,5.12,4.98,5.24,5.07,5.03,5.13,5.02,24139.53,45087.86,92658.55,1059650.92,464928.31,291176.07,288465.92,266044.57,6324499.68,2047047.46,1931385.01,293347.75,2534920.54,1283935.31,12965.5,5422.62,1494537.88,1068441.05
S1:9,SJS-Std,7/7/2025 12:53,78103.11,78101.24,19781.35,20388.35,37233.91,36746.51,22055.18,23005.44,14805.48,15045.06,580.74,569.79,12573.88,12955.35,677.06,741.34,3573.75,3486.65,45640.65,84760.82,45875.33,513572.88,408575.64,255924.3,149443.63,142218.49,2530608.61,781494.64,27431.12,4068.95,798867.98,393342.76,217.45,101.09,129053.55,91997.44
S1:9,SJS-Std,7/7/2025 12:55,78073.69,78110.62,19741.72,20356.85,37203.47,36649.77,22054.52,22990.65,14754.94,14998.01,580.02,565.37,12543.7,12929.73,647.9,725.6,3557.25,3483.12,45623.49,84770.98,45783.37,512780.56,408242.54,255252.51,149439.17,142135.05,2521987.78,779055.83,27397.13,4037.55,796973.34,392565.97,208.23,98.99,128458.49,91904.26
S1:9,SJS-Std,7/7/2025 12:57,77850.8,77926.98,19747.03,20297.41,36973.95,36607.64,22053.96,22962.21,14719.96,14987.01,576.6,566.06,12534.7,12846.83,654.25,679.08,3545.95,3472.82,45493.47,84572.24,45795.71,511285.38,405730.93,254959.97,149435.39,141974.55,2516021.47,778485.57,27236.05,4042.4,796408.71,390053.45,210.24,92.79,128051.15,91632.63
1:04,MCS 2882,7/7/2025 12:59,75903.76,76933.58,2311.78,2416.35,45923.15,45410.25,16238.77,17084.73,6214.09,6333.25,1012.83,1004.58,2977.51,3105.72,282.02,331.43,5159.79,5070.26,109865.2,206679.38,13273.96,151420.15,1247143.81,782620.27,272349.59,251435.09,2633339.16,815611.91,118373.76,17711.11,473004.14,234067.82,224.48,111.82,461496.55,331625.82
1:05,MCS 2883,7/7/2025 13:01,92240.05,94121.05,3200.91,3408.43,51279.71,50618.47,24262.26,25901.37,8415.28,8749.6,737.9,729.66,6854.03,7108.53,340.33,421.8,5051.16,4951.48,138203.5,261716.49,19039.91,220802.4,1441601.52,903064.14,420967.9,387578.64,3689879.08,1165872.05,89304.84,13323.91,1114025.99,553760.64,279.67,146.64,467728.04,335289.93
1:06,MCS 2884,7/7/2025 13:03,68506.96,69451.79,1536.62,1632.53,27926.46,27500.09,32552.76,35312.97,3158.54,3198.85,437.7,432.45,5150.87,5273.91,180.78,221.43,3552.37,3486.42,106268.07,199959.43,9447.61,109830.43,813152.52,508179.91,584429.11,541866.58,1436861.8,442228.87,54861.55,8182.84,868732.94,425424.93,155.2,80.69,340549.52,244384.16
1:07,MCS 2885,7/7/2025 13:05,67776.97,68573.75,1684.71,1791.48,45333.56,44630.63,32935.15,35766.68,3604.9,3647.2,1089.83,1077.91,3262.31,3435.47,564.92,622.97,11774.28,11528,108385.17,203532.29,10681.93,124157.53,1360061.13,849735.55,609553.96,565251.75,1689679.46,519516.65,140708.49,20991.63,570548.69,285910.64,492.94,229.85,1163179.13,832976.33
1:08,MCS 2886,7/7/2025 13:07,79888.24,80934.88,1934.44,2051.91,40325.65,39732.9,32445.98,35013.09,4590.2,4652.33,491.96,487.32,4859.34,4988.24,184.03,243.04,5399.13,5272.42,111939.04,210482.36,10747.51,124603.8,1060336.28,663026.2,526258.99,486623.55,1884606.51,580481.54,55701.35,8329.38,741752.53,363579.19,142.98,80.02,467482.56,333838.01
1:09,MCS 2887,7/7/2025 13:09,84475.3,85557.06,1274.34,1361.05,40356.14,39754.27,36880.83,40141.07,4961.26,5042.23,667.76,659.72,3599.75,3697.84,271.17,306.54,4900.63,4795.61,125005.13,234972.39,7469.47,87505.33,1120673.22,700599.49,631672.91,586611.78,2150604.15,664229.34,79819.69,11899.56,582428.03,284806.47,220.74,105.87,448160.21,320703.23
1:10,MCS 2888,7/7/2025 13:11,87402.4,88448.5,3847.24,4098.42,25972.65,25553.07,30160.35,32473.66,3993.47,4040.19,330.13,325.8,8174.21,8482.45,260.38,310.99,2128.38,2078.68,120263.47,225876.17,21017.04,243728.6,671091.21,419029.1,480455.99,444334.65,1610954.72,495294.65,36732.99,5476.48,1219111.97,606723.94,197.42,99.99,181096.45,129275.05
1:11,MCS 2889,7/7/2025 13:13,78600.61,79209.43,2009.72,2126.79,39689.72,38985.42,28745.94,30745.07,5250.75,5327.62,599.99,594.67,3567.23,3684.82,209.66,244.24,5098.38,4985.95,103996.42,194521.19,10542.34,121961.15,985474.49,614315.71,440329.44,405587.61,2035115.84,627521.86,64131.26,9593.62,517078.92,253792.22,153.56,76.04,416836.37,298090.62
1:12,MCS 2890,7/7/2025 13:15,78064.5,78769.72,2240.44,2370.1,56725.39,55729.09,33414.81,35766.93,3792.25,3849.92,498.59,494.41,4891.05,5110.63,486.43,561.19,6039.3,5903.18,93728.32,175547.44,10664.39,123316.99,1277669.02,796594.54,464406.78,427443.16,1335530.64,412029.99,48375.41,7242.93,640966.22,319222.15,319.77,156.15,448016.04,320236.67
1:13,MCS 2891,7/7/2025 13:17,76834.5,77107.33,1387.4,1445.62,49028.42,48152.02,26690.34,28260.86,4114.08,4174.9,452.59,446.23,2702.76,2784.25,743.35,836.39,4940.75,4841.16,87694.02,163359.89,6266.11,71794.29,1049888.31,654379.62,352739.96,324124.64,1377043.63,424660.61,41750.68,6217.05,341219.17,165626.18,463.05,220.3,348437.64,249641.98
S1:8,QC MES 5 ppm,7/7/2025 13:19,5.13,5.12,4.9,5.19,5.17,5.12,5.28,5.56,4.54,4.85,5.02,5.07,4.99,5.23,4.98,4.99,5.09,4.96,24230.09,44920.99,91825.27,1053698.5,458116.2,287464.59,288032.08,265587.38,6258551.89,2032206.68,1907032.8,290799,2535874.32,1279883.48,12724.45,5370.14,1480297.11,1056488.65
S1:9,SJS-Std,7/7/2025 13:21,78080.38,77516.34,19577.65,20133.97,36735.87,36121.73,22007.2,22928.62,14572.42,14879.41,574.52,559.15,12454.73,12791.97,636.47,727.52,3524.93,3429.18,45627.39,84127.83,45402.65,507174,403125.7,251585.71,149119.75,141785.03,2490857.26,772908.21,27138.21,3993.34,791388.5,388390.44,204.61,99.25,127293.25,90481.62
1:14,MCS 2892,7/7/2025 13:23,72120.51,72779.69,1679.38,1787.08,27896.16,27556.29,33708.96,36518.57,3385.73,3431.98,209.19,203.57,5610.37,5765.26,365.99,390.67,3449.48,3379.73,104822.55,196336.69,9675.12,112630.8,761141.44,477165.84,567055.84,525428.79,1443103.88,444542.96,24608.57,3621.8,886388.87,435728.94,291.56,131.95,309858.48,221975.79
1:15,MCS 2893,7/7/2025 13:25,79665,79622.17,2431.11,2534.89,38495.05,37902.59,32214.65,34133.11,4730.69,4793.38,492.67,484.15,4042.65,4207.17,242.98,301.3,6172.51,6042.16,76046.23,141097.28,9194.68,104945.04,689732.2,431001.22,356026.75,327244.85,1324348.51,407795.61,38012.26,5642.92,424402.19,209115.58,128.88,67.91,364014.15,260551.29
1:16,MCS 2894,7/7/2025 13:27,75395.76,75715.67,2727.61,2854.87,39935.98,39173.93,26287.01,27851.59,3763.76,3827.23,703.29,692.8,6776.87,6972.26,182.8,239.19,7053.23,6866.16,85509.85,159403.01,12267.17,140202.17,849992.9,529146.65,345225.25,317667.97,1252309.43,386980.16,64426.36,9579.13,835884.01,411157.36,115.55,64.18,494189.98,351812.21
1:17,MCS 2895,7/7/2025 13:29,78300.13,79473.06,982.59,1066.37,32482.47,31910.39,45123.39,49204.84,3086.26,3123.63,322.74,317.84,3284.92,3414.7,255.09,327.59,5164.73,5053.16,98766.41,186067.5,4899.19,58667.01,769119,479520.92,658644.72,612280.65,1142705.93,351465.74,32922.82,4899.39,455097.29,224284.61,177.61,96.62,402554.75,288006.37
1:18,MCS 2896,7/7/2025 13:31,82783.09,83551.08,4175.36,4467.79,24552.25,24274.23,60817.04,66626.93,1985.1,2004.58,286.34,282.43,9136.2,9497.9,252.62,298.19,3964.8,3854.95,85577.62,160327.78,17126.93,199688.57,476810.73,299191.67,727371.19,678015.17,604821.93,185601.07,23955.55,3573.54,1024955.11,510359.85,144.73,72.63,253302.32,180054.49
1:19,MCS 2897,7/7/2025 13:33,82846.76,83699.4,1587.82,1672.21,37015.92,36459.09,39565.21,42657.9,4134.46,4198.67,393.11,388.27,4726.15,4935.71,268.45,329.62,4961.16,4871.48,94960.6,178075.76,7206.58,83293.89,796375.84,497809.56,524887.92,484969.15,1389833.78,428919.17,36430.69,5435.97,592026.56,294374.29,169.97,88.53,351396.78,252297.67
1:20,MCS 2898,7/7/2025 13:35,74383.15,74974.08,2446.46,2578.14,42209.65,41514.93,30744.91,32771.13,4361.28,4411.36,607.76,603.39,3545.54,3741.8,1207.7,1293.03,6650.69,6496.44,90513.32,169346.11,11804.71,135874.43,963797.09,601589.33,433090.92,397799.44,1555716.28,478208.86,59743.62,8953.15,473433.63,237037.5,799.79,361.69,499990.55,357160.18
1:21,MCS 2899,7/7/2025 13:37,74098.68,74679.09,5380.24,5707.6,35173.97,34597.69,25587.7,27136.67,4186.15,4231.51,657.26,651.42,13324.19,13969.09,203.34,294.07,4544.99,4449.86,91472.91,171121.66,26370.5,304278.19,814960.87,508733.54,365756.02,336162.52,1515024.51,465403.17,65538.31,9803.82,1778031.64,895913.11,139.25,85.14,346697.37,248198.98
1:22,MCS 2900,7/7/2025 13:39,66306.6,66406.72,2003.8,2098.75,36799.73,36198.96,29909.9,31832.13,3502.82,3553.85,449.41,444.2,3874.06,4085.11,659.31,729.39,7567.39,7388.73,76563.6,142347.16,9167.29,105103.55,797411.16,497808.59,399784.49,367575.85,1186751.58,365896.74,41936.45,6260.24,490443.29,245502.63,415.78,194.6,539741.3,385400.04
1:23,MCS 2901,7/7/2025 13:41,51648.51,51725.65,6934.91,7324.2,28395.64,27837.26,33839.52,36114.76,2439.58,2458.5,989.94,981.98,6519.99,6733.73,569,620.93,9010.92,8796.4,58370.84,108542.16,31107.45,357162.89,602308.89,374747.18,442491.2,406667.61,810406.54,248189.24,90296.87,13514.37,801416.91,395544.89,351.58,162.45,628805.28,448922.71
S1:8,QC MES 5 ppm,7/7/2025 13:43,5.11,5.11,4.9,5.16,5.19,5.1,5.27,5.56,4.54,4.85,5.02,5.07,4.95,5.22,4.97,4.95,5.09,4.96,24162.27,44877.43,91666.9,1049002.87,459302.82,286824.01,287830.3,265762.41,6250477.44,2030029.14,1909474.23,290503.57,2516340.93,1277394.77,12705.71,5326.79,1481391.38,1056666.06
S1:9,SJS-Std,7/7/2025 13:45,77830.96,77335.59,19531.32,20142.55,36495,36142.17,22030.13,22938.69,14507.13,14803.98,573.43,560.92,12459.54,12772.13,646.83,673.75,3524.78,3432.86,45481.9,83932.22,45295.15,507389.74,400489.89,251727.65,149274.54,141841.83,2479722.14,768998.06,27086.92,4005.93,791690.56,387789.14,207.89,92.08,127287.65,90578.65
1:24,MCS 2902,7/7/2025 13:47,64881.14,65232.05,6403.22,6829.76,12700.92,12460.67,31807.42,33918.39,1902.25,1911.59,359.1,355.06,12466.56,13035.02,356.47,361.37,1498.64,1459.31,75490.84,140899.36,29578.52,343020.95,278056.21,173159.18,428352.66,393743.09,651830.39,199064.46,33779.52,5046.51,1568814.97,787890.47,227.97,98.25,107861.56,76725.64
1:25,MCS 2903,7/7/2025 13:49,62717.58,63042.07,5882.35,6246.82,20757.45,20491.95,26509.34,28161.38,2157.44,2173.05,286.91,282.32,10456.6,10918.82,320.92,347.09,2456.06,2391.49,78566.77,146602.69,29256.06,337816.25,488425.73,306025.29,384441.8,353300.69,794785.51,243280.43,29068.97,4323.7,1417723.55,710658.84,221.06,101.53,190179.17,135355.16
1:26,MCS 2904,7/7/2025 13:51,57176.9,56981.31,1025.03,1054.22,30480.03,29992.07,16552.09,17300.85,3312.08,3357.22,338.58,335.02,2319.37,2372.96,187.31,237.53,4076.05,3998.31,70087.42,129673.63,4965.32,56371.92,701212.06,437899.19,235078.84,217311.12,1191097.06,366898.11,33551.23,5016.31,315165.09,151627.42,127.6,68.71,308679.33,221389.46
1:27,MCS 2905,7/7/2025 13:53,79816.75,79922.33,2906.69,3037.03,49797.45,49021.02,22240.36,23402.34,6528.08,6634.01,900.12,887.78,4704.55,4891.81,433.08,512.51,8164.41,7965.65,85831.13,159537.01,12395.24,141410.59,1004735.7,627692.95,277054.01,255607.64,2056023.29,634958.47,78167.34,11633.82,553468.32,273738.64,255.61,128.11,542373.41,386988.49
1:28,MCS 2906,7/7/2025 13:54,101252.54,101109.07,2295.69,2372.07,59287.89,58316.07,24830.78,25925.66,6046.63,6129.99,728.78,721.8,4782.73,4996.52,466.39,579.89,7302.65,7180.93,78227.57,145014.58,7021.1,79657.81,859522.11,536543.76,222330.32,205960.01,1369900.47,422044.38,45496.51,6804.54,406797.03,201036.95,198.47,104.55,348581.21,250634.6
1:29,MCS 2907,7/7/2025 13:56,74594.97,74316.49,2513.4,2607.21,22709.18,22300.53,28540.67,30020.25,2294.5,2314.2,358.74,351.7,5388.71,5574.02,205.11,255.77,2661.75,2591.4,67787.57,125382.17,9047.89,102758.22,387800.33,241709.7,300329.34,275979.64,614309.45,188285.35,26369.06,3908.83,535909.01,263546.41,104.18,55.29,149531.23,106387.08
1:30,MCS 2908,7/7/2025 13:58,43535.42,43232.28,1663.81,1683.11,22238.82,21968.03,15194.05,15757.01,1983.27,1984.37,169.51,166.84,3075.26,3135.79,137.61,216.18,2898,2836.54,37092.65,68425.94,5599.69,62414.86,355802.48,223079.31,150043.76,141987.82,498367.24,151543.73,11712.37,1749.33,290914.74,139181.95,66.65,44.23,152485.16,109072.73
1:31,MCS 2909,7/7/2025 14:00,55308.58,55940.83,1498.14,1600.56,11222.78,11035.52,41048.74,44827.5,1418.55,1428.91,113.59,112.26,5632.64,5808.77,126.75,155.15,2242.94,2190.2,81267.69,152582.03,8720.83,102024.63,310167.64,193588.39,697798.9,648907.13,614209.62,188017.31,13539,2028.65,899308.62,443713.12,104.12,54.28,203705.34,145402.91
1:32,MCS 2910,7/7/2025 14:02,64221.41,64199.24,1936.6,1996.6,36918,36234.54,15613.06,16300.26,4816.86,4873.87,670.64,663.04,2684.49,2745.7,338.93,406.96,4936.23,4829.79,74418.78,138106.12,8890.19,100371.78,802778.33,500046.02,209695.97,194918.74,1635641.14,502951.83,62763.04,9365.88,343957.79,165802.12,216.03,109.93,353379.3,252821.07
1:33,MCS 2911,7/7/2025 14:04,78141.34,78735.57,865.12,912.45,41653.91,40972.36,37796.57,40703.6,3704.28,3761.18,643.88,636.29,2578.55,2686.04,595.32,637.36,6154.88,6024.47,94599.2,176927.13,4135.54,48303.8,946290.59,590720.69,529588.45,488651,1315467.47,405900.72,62968.18,9392.23,345206.16,169479.22,393.86,178.5,460377.67,329530.67
S1:8,QC MES 5 ppm,7/7/2025 14:06,5.11,5.1,4.9,5.17,5.16,5.1,5.27,5.55,4.53,4.83,5,5.07,4.99,5.22,4.98,4.97,5.1,4.96,24151.35,44822.08,91751.49,1051350.97,456964.3,286791.98,287824.17,265132.81,6240858.57,2021482.78,1902872.53,290432.55,2537513.28,1277549.13,12719.96,5351.17,1484585.51,1056928.63
S1:9,SJS-Std,7/7/2025 14:08,78137.58,77803.84,19582.21,20257.06,36676.05,36291.31,22064.24,22962.65,14593.12,14866.03,574.53,564.68,12494.2,12810.22,654.08,736.13,3539.15,3460.71,45660.76,84438.96,45413.22,510270.42,402471.08,252763.27,149504.78,141977.02,2494388.53,772214.34,27138.62,4032.65,793866.66,388943.6,210.18,100.4,127805.87,91313.27
1:34,MCS 2912,7/7/2025 14:10,42708.89,42645.1,2253.2,2353.72,15921.91,15639.01,19387.58,20483.88,1845.09,1855.32,207.92,202.33,4346.45,4487.02,158.15,180.61,1942.12,1889.93,64353.91,119302.66,13461.71,153456.57,450622.42,280923.04,338183.68,310592.28,817251.98,249739.79,25342.47,3729.37,713456.89,351530.1,132.3,64.36,180854.7,128637.2
1:35,MCS 2913,7/7/2025 14:12,76993.03,77775.19,1975.63,2104.83,32914.87,32458.27,36793.84,39830.43,3793.93,3831.23,341.38,336.82,5473.73,5636.76,259.19,327.99,4488.33,4404.96,104554.47,196032.25,10636.94,123872.27,838971.78,525056.22,578284.26,535201.84,1510623.86,463591.86,37481.85,5586.52,808844.79,398091.77,193.99,103.98,376651.86,270301.44
1:36,MCS 2914,7/7/2025 14:14,37203.31,37061.25,1185.92,1202.73,14548.3,14338.8,16946.63,17632.11,1609.47,1615.41,127.3,125.74,3111.19,3171.36,158.88,168.17,2421.64,2367.69,36340.7,67252.14,4570.79,51260.09,267126.89,167116.92,191695.53,178639.55,464031.08,141540.06,10093.9,1514.55,335880.53,161267.32,87.19,39.69,146086.28,104377.05
1:37,MCS 2915,7/7/2025 14:16,73107.47,73935.6,7458.46,7918.75,31586.41,31005.55,22321.16,23640.08,4657.18,4718.76,536.29,531.42,12735.13,13276.09,405.32,461.13,3919.81,3855.16,97412.12,182857.78,39473.62,455333.65,790000.56,492149.42,344438.71,316847.44,1818289.69,559882.11,57732.61,8635.64,1834100.2,919078.57,295.95,142.59,322770.56,232109.5
1:38,MCS 2916,7/7/2025 14:18,59691.3,59830.08,815.72,843.26,25326.33,24945.2,24513.04,25937.58,2447.38,2465.08,352.26,347.45,2651.72,2737.38,338.91,371.47,3009.43,2940.44,75658.43,140779.6,4081.33,46751.87,602677.35,376738.24,359710.5,330075.58,911412.18,278979.16,36091.93,5378.23,370870.57,180750.87,235.98,109.76,235722.59,168375.12
1:39,MCS 2917,7/7/2025 14:20,51014.09,51328.76,3562.75,3785.52,10239.5,10064.38,29126.39,31307.58,1194.56,1201.04,89,85.42,8339.51,8672.35,118.94,133.63,1784.48,1743.26,73441.69,137180.47,20353.8,235459.98,277360.37,173043.79,485238.13,447904.37,507651.04,155109.12,10409.64,1518.01,1300111.61,648682.93,95.97,46.15,158816.39,113386
1:40,MCS 2918,7/7/2025 14:22,80661.78,81184.05,3151.09,3308.42,51732.53,51047.04,25118.17,26446.11,5446.52,5505.35,673.43,668.22,7332.69,7545.65,574.86,633.15,6650.32,6508.82,82339.02,153835.92,12755.95,146201.63,990797.9,620456.47,296975,273284.57,1629406.24,500524.19,55533.49,8318.42,814266.03,400500.15,321.23,149.86,419403.17,300164.36
1:41,MCS 2919,7/7/2025 14:24,49933.71,50064.36,2029.26,2141.62,13847.9,13621.59,32090.48,34490.19,1184.33,1187.33,131.07,128.88,5951.66,6166.37,176.82,188.76,1388.3,1355.36,66080.49,123004.41,10642.48,122776.66,344489.58,215080.03,491373.58,453373.12,463073.13,141086.26,14064.95,2096.42,856101.8,424162.62,129.97,59.26,113619.1,81035.74
1:42,MCS 2920,7/7/2025 14:26,45261.79,45120.62,870.73,897.85,22939.95,22530.95,16397.32,17192.3,2034.93,2050.55,154.22,149.96,1871.77,1916.97,156.21,202.33,3774.02,3704.95,62136.44,115007.71,4721.74,53793.75,591137.46,368484.42,260711.44,240413.76,821133.75,251454.11,17149.25,2525.51,285729.44,137224.56,119.37,65.64,320032.45,229716.67
1:43,MCS 2921,7/7/2025 14:28,67415.42,67600.23,3184.53,3358.28,33275.44,32798.14,25429.92,26924.35,4327.65,4366.74,402.02,397.6,6502.58,6677.66,191.05,239.27,4670.95,4586.38,79591.09,148154.08,14913.65,171509.35,737341.86,461237.5,347621.73,319572.21,1497757.43,459280.35,38363.69,5731.36,834860.46,409889.1,125.43,66.74,340716.94,244619.39
S1:8,QC MES 5 ppm,7/7/2025 14:30,5.14,5.14,4.91,5.22,5.17,5.13,5.28,5.56,4.53,4.85,5.02,5.09,4.98,5.21,5,4.93,5.11,5,24264.13,45104.99,91947.69,1060784.34,458176.61,288042.93,288347.02,265855.16,6248634.84,2030280.32,1908827.52,291591.56,2534693.56,1276337.64,12765.01,5315.81,1487610.1,1064135.79
S1:9,SJS-Std,7/7/2025 14:32,78341.23,78008.29,19637.43,20337.37,36961.44,36572.66,22113.24,23008.43,14651.96,14912.43,577.18,572.02,12521.44,12777.08,623.08,764.32,3561.58,3476.95,45779.55,84660.23,45541.37,512290.4,405593.99,254717.06,149835.53,142235.38,2504423.94,774619.55,27263.28,4084.73,795576.22,387939.15,200.37,104.16,128614.5,91741.53
1:44,MCS 2922,7/7/2025 14:34,84652.23,85355.2,5212.17,5544.04,43334.18,42647.95,22307.71,23509.31,5887.7,5960.26,702.83,695.96,11531.25,11960.8,398.95,454.5,5384.13,5308.45,99539.31,186291.08,24333.42,281599.13,956228.86,597243.37,303850.28,279588.58,2027989.77,623901.78,66758.02,9977.12,1467500.21,730861.96,257.48,124.32,391210.67,282046.05
1:45,MCS 2923,7/7/2025 14:36,70009.11,70666.62,6358.18,6789.96,28283.6,27790.11,26489.21,28122.99,3416.08,3456.92,346.31,341.69,9235.35,9608.15,379.22,442.92,4596.2,4525.09,88628.38,166059.07,31963.31,371044.59,672206.18,419174.53,388251.91,356476.26,1268693.38,390159.88,35445.87,5283.85,1266562.17,632112.77,263.4,130.31,359527.4,258822.74
1:46,MCS 2924,7/7/2025 14:38,64085.24,64505.63,1259.21,1333.25,39909.98,39412.23,30351.81,32451.83,3097.64,3130.74,541.35,534.88,2845.87,3027.61,1006.74,1045.46,5834.06,5707.7,86002.8,160690.76,6688.81,77793.84,1004918.33,629794.47,471454.5,433276.2,1219712.86,374628.13,58687.45,8752.97,420171.11,211582.28,735.5,322.74,483690.75,346056.37
1:47,MCS 2925,7/7/2025 14:40,78095.73,79081.19,2259.13,2437.22,27700.58,27189.28,42645.84,46597.42,3480.05,3523.7,224.77,220.28,7449.93,7745.07,180.91,227.2,4312.29,4245.41,109250.11,205330.58,12535.44,147627.64,727531.64,453204.95,690383.91,642486.93,1427774.81,439337.52,25448.11,3771.28,1130251.54,563231.29,140.38,74.83,372806.86,268376.04
1:48,MCS 2926,7/7/2025 14:42,85366.87,86125.77,2352.99,2509.46,47890.04,47282.98,25387.34,26983.18,6092.04,6189.6,721.32,716.53,3624.81,3802.5,236.86,295.42,5195.01,5100.57,114493.36,214389.44,12517.78,145743.93,1205176.82,755134.41,394288.46,362222.79,2392697.51,738783.09,78143.71,11713.61,532359.84,265467.43,175.41,92.74,430569.37,309134.28
1:49,MCS 2927,7/7/2025 14:44,78205.71,78529.83,1728.43,1811.44,42987.41,42323.04,25482.7,26804.45,5447.97,5494.34,617.17,611.93,3040.59,3113.65,191.81,260.47,5696.5,5601.66,79606.69,148390.11,6964.56,80142.94,821152.89,513081.74,300418.18,276064.59,1625202.12,498104.96,50754.91,7597.99,342295.91,165178.11,109,62.77,358253.45,257596.44
1:50,MCS 2928,7/7/2025 14:46,61553.08,61919.43,1870.46,1983.9,85439.47,84332.35,29763.02,31722.43,3009.45,3041.68,1026.47,1018.19,3723.85,3915.14,1267.36,1387.37,6367.27,6219.28,76812.84,143442.59,9248.39,107357.83,1999146.43,1252231.33,429896.65,394928.03,1102298.37,338570.54,103408.09,15474.75,509118.24,254261.01,860.34,397.7,490826.79,350594.94
1:51,MCS 2929,7/7/2025 14:48,79736.17,80376.4,3389.31,3601.15,38764.1,38265.22,29684.37,31473.09,3629.09,3667.64,501.96,497.33,9897.92,10237.18,268.38,301.33,4856.57,4765.39,87419.25,163574,14740.99,170807.21,797645.93,499701.89,376807.83,345873.2,1167653.38,358615.41,44475.25,6654.36,1176248.5,583312.13,162.67,77.68,329012.51,236051.57
1:52,MCS 2930,7/7/2025 14:50,80259.39,81397.15,1869.92,2002.88,55898.98,55206.39,26695.12,28537.36,4991.92,5055.83,954.2,946.01,2777.77,2911.29,1129.25,1213.67,9176.15,8958.71,117959.1,222032.49,10897.95,127562.18,1541253.12,965979.57,454253.91,417834.52,2149105.05,661474.03,113247.37,16937.27,448598,222836.99,903.02,409.82,833251.09,594984.21
1:53,MCS 2931,7/7/2025 14:52,72344.38,72397.61,1695.49,1773.31,35400.72,34948.77,24819.4,26111.15,3138.41,3160.8,578.5,572.68,3161.35,3283.98,282.1,313.34,4119.78,4014.67,74627.42,138642.54,6922.8,79507.72,685435.81,429456.2,296507.82,272670.08,950949.1,291053.46,48212.73,7206.61,360122.79,176492,160.89,76.04,262600.13,187088.46
S1:8,QC MES 5 ppm,7/7/2025 14:54,5.15,5.17,4.92,5.25,5.26,5.17,5.28,5.56,4.56,4.86,5.07,5.12,4.97,5.22,5.03,4.99,5.17,5.05,24328.51,45369.42,92197.82,1065804.11,465783.27,290704.83,288234.13,265701.88,6287729.76,2035219.11,1926671.43,293731.36,2528328.17,1277296.17,12854.72,5375.87,1504764.42,1074893.26
S1:9,SJS-Std,7/7/2025 14:56,78465.14,78752.16,19743.28,20575.54,37114.13,36945.13,22083.18,22958.81,14711.1,14960.76,581.09,571.95,12564.86,12976.57,655.89,796.47,3600.16,3519.31,45851.83,85465.27,45786.99,518281.52,407264.91,257303.5,149632.62,141955.36,2514511.13,777124.78,27447.83,4084.27,798302.05,393985.7,210.76,108.45,130005.66,92858.91
1:54,MCS 2932,7/7/2025 14:58,69024.36,70024.85,1177.9,1264.66,26608.62,26341.7,37882.55,41172.55,2815.45,2838.39,249.05,245.29,3548.29,3708.1,192.31,216.77,3267.54,3184.49,99831.24,187982.84,6744.34,79521.93,722485.89,453919.46,634051.54,587954.05,1195035.68,366129.94,29139.29,4337.95,561379.12,279105.47,153.96,73.84,292077.86,208122.6
1:55,MCS 2933,7/7/2025 15:00,79718.37,80482.53,1809.77,1921.8,44401.51,43683.86,36536.28,39203.64,4302.61,4364.86,709.59,701.08,3989.65,4203.79,821.61,871.21,8170.46,7972.8,91396.87,171276.44,8219.46,95639.77,955245.21,596431.05,484849.98,446793.81,1446441.1,445925.33,65713.27,9799.15,501362.16,250870.94,513.79,230.41,578705.29,412983.08
1:56,MCS 2934,7/7/2025 15:02,74552.76,75349.9,7323.78,7843.33,25269.52,24947.44,26458.19,28047.02,3496.51,3523.04,619.23,615.92,15776.34,16481.54,252.47,266.22,3259.46,3177.59,87131.6,163466.12,33990.95,395634.66,554634.97,347519.02,358051.84,329187.41,1199106.65,367174.31,58463.01,8777.73,1991881.61,1000629.24,163.12,73.29,235445.35,167798.92
1:57,MCS 2935,7/7/2025 15:04,60446.3,61070.6,5286.34,5696.7,13000.87,12737.78,22516.24,23998.11,1840.59,1853.77,153.09,150.06,12824.98,13406.55,225.61,236.14,1398.63,1361.93,96081.68,180183.51,33371.29,390861.42,388471.85,241577.33,414365.08,381082.71,860094.17,263253.69,19709.38,2923.97,2201460.32,1107034.59,197.57,87.97,137499.01,97836.85
1:58,MCS 2936,7/7/2025 15:06,76411.89,76781.25,5369.05,5677.28,61298.07,60451.05,15762.56,16457.26,8396.62,8563.72,1097.73,1086.44,6874.66,7053.87,455.18,564.4,7996.47,7808.95,86811.35,161922.93,24215.15,278589.66,1306314.37,817555.38,207596.92,193096.97,2792011.51,865372.58,100691.99,15034.9,849261.65,416682.49,283.48,148.7,561223.85,400808.87
1:59,MCS 2937,7/7/2025 15:08,74308.8,74685.97,5096.51,5458.85,23507.04,23388.02,24288.99,25713.72,3029.97,3061.02,272.28,267.51,10064.15,10501.18,252.95,263.07,2415.15,2351.27,91490.29,170686.58,24912.41,290282.18,543586.07,343241.4,346306.65,318376.83,1095189.49,336233.13,27122,4028.66,1341817.25,671885.42,171.99,76.21,183836.35,130815.86
0.083333333,MCS 2938,7/7/2025 15:10,81677.53,82204.14,1812.38,1929.85,51215.64,50503.19,22331.71,23574.48,5894.68,5973.98,945.15,935.5,2902.24,3005.73,356.1,416.09,8605.55,8401.39,102906.06,192234.94,9049.15,105477.74,1210651.85,757617.05,325885.35,299486.44,2175184.78,669930.91,96161.15,14359.99,402746.88,197277.78,246.4,121.99,669850.84,478273.43
2:01,MCS 2939,7/7/2025 15:11,70270.52,70816.98,2684.03,2891.77,24527.5,24183.89,38783.87,42125.22,3111.49,3142.05,211.1,207.65,6145.72,6354.41,152.47,220.93,3733.24,3640.78,94709.99,177164.43,14351.03,168636.95,620742.83,388438.57,604915.86,561132.34,1230508.48,377621.73,23031.17,3426.84,900167.55,445297.09,114.57,70.24,310946.77,221721.89
2:02,MCS 2940,7/7/2025 15:13,91506.12,91983.1,1489.28,1585.7,57629.83,56732.43,36943.84,39377.36,4974.28,5028.99,895.73,889.24,4061.18,4315.53,1014.4,1074.25,9476.74,9248.83,92470.66,172538.11,5954.39,69750.33,1092659.87,682632.23,432188.49,396983.37,1473854.11,452828.09,73107.53,10952.7,450819.4,227064.26,558.85,250.23,591632.35,422272.62
2:03,MCS 2941,7/7/2025 15:15,80610.75,80809.97,1861.12,1969.35,43523.9,42918.58,24386.95,25783.62,5319.75,5377.32,587.46,581.12,2824,2908.64,197.07,256.05,5249.9,5150.34,93627.74,174220.23,8564.43,99262.06,948628.89,593656.11,328045.89,301836.88,1810436.53,556145.78,55127.25,8232.39,362232.26,176048.45,127.25,70.15,376779.85,270285.99
S1:8,QC MES 5 ppm,7/7/2025 15:17,5.14,5.15,4.89,5.25,5.2,5.14,5.24,5.52,4.54,4.84,5.03,5.09,4.95,5.18,5,4.97,5.16,5.04,24299.3,45216.72,91654.53,1066396.84,460672.37,288966.57,286302.71,263722.8,6251865.06,2025846.33,1913837.15,291548.99,2519911.33,1268826.9,12785.23,5358.81,1501655.79,1072098.67
S1:9,SJS-Std,7/7/2025 15:19,78654.76,78559.39,19630.64,20571.75,36953.33,36660.33,22023.53,22882,14661.48,14927.45,578.85,566.93,12566.76,12918.81,640.87,697.27,3591.76,3508.23,45962.45,85256.64,45525.61,518186.28,405505.32,255325.8,149230.01,141521.98,2506047.75,775398.22,27342.24,4048.61,798421.03,392235,206,95.21,129702.99,92566.73
2:04,MCS 2942,7/7/2025 15:21,80046.85,80568.24,2133.55,2277.79,43827.72,43243.91,20724.36,21862.91,5884.87,5969.54,656.51,648.19,2984.15,3133.73,227.18,281.59,5091.9,5014.27,102147.16,190830.42,10794.8,125954.42,1049468.08,657147.67,306347.25,282062.62,2199389.53,678009.32,67675.01,10084.34,419035,208283.16,160.34,84.31,401517.48,289129.77
2:05,MCS 2943,7/7/2025 15:23,60601.48,60605.56,2127.03,2260.05,26353.42,26118.46,30428.14,32367.65,2945.62,2964.26,406.25,400.37,4109.15,4315.51,363.22,442.56,4856.68,4760.74,71038.31,131890.91,9880.1,114824.08,579982.13,364805.79,412833.38,379003.54,1013826.27,310051.47,38487.49,5729.53,527325.07,263216.89,233.92,120.7,351698.82,252083.47
2:06,MCS 2944,7/7/2025 15:25,52840.85,52993.5,3977.39,4282.28,12943.92,12728.69,29357.86,31379.16,1770.72,1780.76,362.6,358.47,9026.2,9366.89,423.95,465.28,1446.09,1413.62,74073.94,137910.52,22128.53,259294.17,341150.27,212933.86,476266.18,437441.95,730366.08,223216.22,41077.43,6133.51,1369709.67,682207.63,325.26,151.19,125362.73,89538.85
2:07,MCS 2945,7/7/2025 15:27,77702.02,77925.72,6933.97,7420.89,39027.35,38423.01,27032.36,28643.16,5069.11,5121.33,809.88,800.24,2765.94,2869.48,194.95,229.27,4991.95,4921.8,91244.06,169855.89,32334.83,376156.88,860086.32,537390.06,367561.6,337472.45,1744307.85,535556.75,76806.25,11452.43,358781.4,175590.41,127.27,63.71,362215.12,261134.36
2:08,MCS 2946,7/7/2025 15:29,79914.22,80245.21,1682.67,1800.02,46628.14,45963.62,22620.86,23937.66,5136.08,5198.87,613.08,606.3,2886.9,3046.88,347.95,401.39,6647.02,6488.51,107531.77,200412.55,8972.98,105078.52,1177241.08,736455.76,352519.34,323743.82,2024589.61,622794.46,66643.74,9946.96,427281.12,213531.43,257.01,125.62,552639.89,394516.81
2:09,MCS 2947,7/7/2025 15:31,76882.57,76776.96,1167.46,1237.17,31718.01,31332.71,45085.22,48174.81,2803.87,2817.97,313.99,309.09,3890.28,4044.79,225.01,260.4,3904.06,3806.29,66670.5,123608.95,3995.21,46917.81,516478.46,323809.64,452423.01,416016.21,715440.92,218516.35,22035.75,3281.65,372162.52,182692.77,108.91,53.78,209206.95,149098.86
2:10,MCS 2948,7/7/2025 15:33,84232.65,84246.77,890.84,931.75,43738.77,43077.6,27903.43,29377.05,4313.5,4349.6,335.53,330.69,2264.4,2339.01,371.43,435.08,7332.97,7161.52,78952.1,146588.72,3290.99,38332.3,769410.6,480919.42,302900.53,278485.6,1186324.26,363539.99,25445.17,3792.18,237735.72,114459.71,191.87,95.36,424613.04,303241.76
2:11,MCS 2949,7/7/2025 15:35,88988.27,88278.94,1825.41,1895.64,64732.24,63780.98,18560.51,19255.98,6580.86,6670.88,796.63,790.38,4522.6,4652.23,411.58,510.88,8124.93,7978.55,58821.75,108348.52,4766.11,54669.88,802704.37,501941.97,142342.39,135360.99,1275523.5,392925.19,42539.88,6374.06,330828.87,160227.26,150.58,79.32,331710.45,238171.75
S1:8,QC MES 5 ppm,7/7/2025 15:41,5.16,5.15,4.88,5.24,5.19,5.14,5.23,5.51,4.53,4.82,5.03,5.1,4.93,5.18,5.03,4.96,5.16,5.04,24384.82,45185.99,91290.99,1065087.13,459150.69,289050.78,285697.33,263350.98,6240930.18,2016427.19,1913277.14,292387.9,2506952.27,1266846.83,12841.96,5347.48,1503205.35,1072664.38
S1:9,SJS-Std,7/7/2025 15:43,78521.47,78020.45,19461.09,20417.95,36701.51,36316.85,21877.34,22719.05,14538.72,14766.01,577.37,564.69,12395.61,12811.88,639.07,686.3,3590.57,3490.33,45884.7,84673.39,45132.18,514317.48,402749.63,252940.64,148243.2,140602.55,2485110.02,767030.09,27272.52,4032.74,787677.68,388993.96,205.43,93.75,129659.91,92094.45
2:14,MCS 2950,7/7/2025 15:45,60637.1,60660.63,1716.58,1834.52,28007.25,27489.6,28563.61,30501.33,2592.37,2608.29,340.86,335.24,3318.85,3489.91,253.77,302.05,5708.83,5572.58,81492.46,151335.81,9140.89,106922.95,706526.87,440110.71,444326.74,408528.73,1023046.57,312814.4,37030.91,5501.97,489075.88,244126.09,188.03,94.94,473968.86,338333.01
2:15,MCS 2951,7/7/2025 15:47,71804.45,72135.84,2907.27,3152.99,21446.93,21204,36803.32,39844.19,2915.78,2945.5,233.82,229.72,8105.01,8367.42,170.92,187.1,2541.97,2477.05,97199.68,181249.75,15615.2,184609.33,545297.91,342159.27,576569.26,533695.69,1158482.55,355646.81,25612.85,3805.16,1189246.62,588721.61,128.6,60.07,212714.01,151522.91
2:16,MCS 2952,7/7/2025 15:49,63099.42,63377.03,2984.93,3250.76,12975.84,12741.8,38629.82,42113.59,1797.27,1804.52,144.05,142.31,7742.65,8100.91,210.86,222.61,2344.9,2284.41,90675.42,169053.45,17020.94,201974.37,350615.66,218528.38,642343.94,597277.96,759860.83,231856.06,16775.99,2509.95,1205825.05,605011.81,167.43,75.29,208296.77,148335.81
2:17,MCS 2953,7/7/2025 15:51,70242.93,70674,6082.96,6621.35,19950.2,19852.98,30425.32,32777.57,1743.04,1752.74,170.12,165.4,11933.17,12555.51,148.67,176.18,1659.87,1614.98,99694.91,186181.62,34289,405630.05,531868.87,335907.66,499841.27,462038.11,728121.79,222506.92,19556.29,2878.17,1830657.49,925852.52,117.57,59.34,145696.6,103590.57
2:18,MCS 2954,7/7/2025 15:53,72376.4,72162.56,5916.77,6306.34,26812.25,26522.53,23713.82,24907.01,3539.48,3572.01,625.67,618.25,12456.95,12969.92,240.31,294.72,3573.36,3478.36,68676.2,127123.75,22280.2,258449.2,477832.37,299989.46,260637.83,240747.96,986219.44,302462.59,47960.86,7155.98,1280046.94,639385.85,126.74,66.08,209533.63,149096.17
2:19,MCS 2955,7/7/2025 15:55,67046.24,67068.62,5113.33,5450.51,28116.32,27781.1,24014.3,25260.32,3216.46,3235.51,264.05,259.81,7400.58,7663.25,282.55,327.06,4509.67,4391.66,70899.91,131669.15,21458.33,248976.75,558251.64,350075.95,294086.18,270501.26,998757.59,305321.67,22597.58,3363.54,850769.9,421257.94,165.1,81.2,294634.78,209783.4
2:20,MCS 2956,7/7/2025 15:57,62961.03,63043.55,3384.78,3614,32596.8,32075.16,24396.31,25742.36,3312.69,3344.23,618.3,611.13,8052.88,8364.99,205.94,249.76,5118.9,5012.34,72998.54,135696.11,15566.81,181200.7,709322.51,442966.47,327512.18,300792.07,1127148.85,345797.84,57901.18,8639,1013191.19,504051.23,132.58,68.35,366643.92,262514.96
2:21,MCS 2957,7/7/2025 15:59,50896.1,51034.13,2639.1,2848.9,21904.01,21537.16,29727.75,32036.57,1749.65,1761.17,349.06,344.85,5312.32,5503.39,150.68,179.4,5960.74,5817.69,76975.51,143284,15833.9,186317.02,621928.84,388101.59,520275.25,480594.03,778277.54,238073.88,42662.22,6365.37,873250.35,432696.44,126.69,64.18,556852.36,397462.87
2:22,MCS 2958,7/7/2025 16:01,62528.9,62802.58,5145.81,5596.42,13191.37,12975.89,30089.67,32380.92,1635.35,1629.79,291.29,288.54,10189.24,10618.66,238.79,265.32,2086.9,2031.59,87891.07,163861.34,28719.26,339616.46,348643.25,217674.54,489520.91,452267.62,676857.53,205012.03,33108.17,4955.57,1549366.19,775503.11,185.11,87.41,181346.22,129035.56
2:23,MCS 2959,7/7/2025 16:03,87179.35,87359.82,5394.86,5823.72,41548.51,40778.71,25093.31,26513.9,5657.62,5716.21,716.58,709.35,12672.14,13224.18,396.14,469.86,5428.49,5306.4,97491.77,181334.18,23952.34,281317.45,872021.6,543165.19,325012.31,298977.02,1853758.41,569192.67,64732.63,9671.63,1533274.57,768449.59,243.33,122.26,375123.53,268129.69
S1:8,QC MES 5 ppm,7/7/2025 16:05,5.18,5.15,4.87,5.24,5.2,5.14,5.26,5.53,4.53,4.81,5.04,5.1,4.94,5.17,5.02,4.94,5.18,5.05,24480.49,45189.66,91266.36,1065367.07,460839.71,288836.08,287143.84,264476.38,6240145.11,2015719.95,1915857.28,292224.8,2514308.04,1266121.4,12840.11,5320.23,1507336.19,1075178.5
S1:9,SJS-Std,7/7/2025 16:07,78968.4,78599.26,19508.28,20586.22,36907.5,36624.32,21998.59,22865.13,14580.72,14803.37,578.46,564.87,12478.96,12878.97,632.66,683.22,3604.23,3508.84,46145.4,85299.8,45241.69,518550.13,405003.76,255075.79,149061.66,141426.77,2492272.67,768966.8,27323.83,4034.01,792909.54,391027.62,203.4,93.34,130152.46,92582.82
2:24,MCS 2960,7/7/2025 16:09,47420.2,47513.38,1604.96,1731.04,10741.89,10528.03,31035.72,33561.01,1094.97,1094.23,143.64,141.91,5567.22,5769.32,151.14,174.88,1433.91,1398,72413,134696.16,9711.46,114572.8,308503.82,191921.46,548358.75,507588.63,493724.16,149948.76,17767.34,2657.79,923397.31,457928.96,128.25,63.2,135391.5,96453.89
2:25,MCS 2961,7/7/2025 16:11,32448.11,32246.45,1506.69,1599.14,16045.69,15786.65,26580.05,28350.98,786.28,780.51,587.37,581.35,2605.09,2747.64,159.34,182.59,7436.87,7250.77,45771.87,84479.45,8412.59,97813.46,424984.85,265379.63,433663.94,398571.54,329097.81,99296.56,66865.67,9988.3,404321.29,201697.64,124.91,61,647498.95,461695.08
2:26,MCS 2962,7/7/2025 16:13,54565.48,54426.63,3131.57,3338.34,15071.79,14831.57,27576.76,29265.71,1589.81,1590.45,214.85,210.59,5791.97,5985.14,187.27,232.54,2070.63,2015.64,65521.3,121337.63,14913.01,173359.08,340216.82,212499.71,383268.27,351915.09,562861.95,171128.64,20882.78,3097.3,757072.61,373636.08,125.03,65.98,153693.83,109337.68
2:27,MCS 2963,7/7/2025 16:14,79356.45,80100.6,1347.95,1453.21,36300.52,35815.82,32846.63,35449.27,5195.39,5255.67,437.6,434.35,3853.55,4017.59,244.67,307.1,3906.08,3827.5,108746.97,203731.87,7315.42,86521.87,933609.36,584586.05,521028.22,481955.65,2085523.71,641145.17,48464.71,7263.37,577416.62,286520.76,184.95,98.37,330814.17,237019.97
2:28,MCS 2964,7/7/2025 16:16,57337.45,57102.05,5196.37,5567.07,9412.73,9233.52,33392.76,35466.38,1135.31,1127.18,82.47,78.51,9905.86,10277.17,141.77,117.19,1391.48,1351.33,57648.89,106602.76,20727.18,241742.56,178418.58,111112.65,388524.18,356854.39,338657,102198.45,6761.3,982.22,1079838.59,536821.92,80.4,29.11,86551.13,61381.02
2:29,MCS 2965,7/7/2025 16:18,77919.35,77762.92,1651.74,1746.75,34679.08,34079.47,30993.06,32732.49,4140.18,4164.86,443.4,437.93,3919.7,4054.34,237.21,271.74,4001.34,3898.32,73484.66,136147.29,6162.65,71669.48,613983.28,382933.11,338419.47,310681.04,1145769.74,350278.14,33806.3,5044.94,406930.09,199118.08,124.42,60.74,233193.96,166086.57
2:30,MCS 2966,7/7/2025 16:20,69945.14,70337.29,5796.53,6309.78,16079.97,15800.19,30841.09,32971.01,2261.84,2277.19,275.11,270.66,11607.86,12111.02,136.69,169.8,1705.21,1657.24,90787.09,169464.63,29875.74,353567.21,392314.42,244670.68,463369.64,426000.4,863012.61,264048.16,28884.65,4295.56,1629471.85,816753.89,99.35,52.56,136883.19,97209.43
2:31,MCS 2967,7/7/2025 16:22,71992.23,72320.45,8404.85,9124.86,23610.26,23426.5,31755.69,33830.59,2705.98,2729.54,271.41,267.65,11537.04,12062.49,308.71,353.86,4227.38,4137.5,89527.49,166940.87,41513.62,489597.93,551424.13,347240.46,457115.26,418990.66,988402.48,302987.02,27305.73,4070.88,1552086.8,779404.49,211.27,102.74,324852.37,232474.8
2:32,MCS 2968,7/7/2025 16:24,70966.94,71036.3,1100.69,1164.74,36462.58,35977.57,27493.34,29038.04,4140.21,4191.06,982.7,977.77,2322.8,2381.23,260.14,305.79,4650.83,4537.61,75344.84,140008.28,4616.48,53978.37,726557.19,454971.81,337969.37,310300.93,1289233.02,396604.02,84237.06,12646.62,274664.96,131881.41,152.86,76.36,305081.04,217631.55
2:33,MCS 2969,7/7/2025 16:26,71979.4,72556.49,1458.84,1564.09,36737.95,36373.22,27394.48,29133.7,3930.79,3971.24,512.82,508.15,3272.43,3451.07,236.49,285.55,5159.12,5057.1,91401.41,171019.24,7335.44,86281.38,875489.36,550096.59,402738.26,369941.81,1463529.9,449342.24,52615.16,7871.02,456344.93,228164.86,165.96,85.05,404781.5,290141.06
S1:8,QC MES 5 ppm,7/7/2025 16:28,5.18,5.18,4.9,5.29,5.2,5.18,5.27,5.55,4.53,4.83,5.04,5.12,4.98,5.24,5.03,4.96,5.23,5.09,24463.66,45478.19,91809.83,1075390.14,460473.64,290997.29,287502.14,265061.07,6243604.64,2023189.58,1915674.8,293603.74,2530469.67,1281918.54,12853.06,5338.69,1522226,1083518.78
S1:9,SJS-Std,7/7/2025 16:30,78608.47,78292.94,19483.56,20489.78,36812.74,36349.1,21930.31,22773.43,14553.69,14793.39,576.87,567.69,12456.89,12864.26,643.71,721.62,3593.8,3501.31,45935.44,84968.29,45184.33,516124.36,403966.8,253164.62,148600.79,140909.38,2487662.4,768449.14,27248.95,4054.03,791524.04,390581.48,206.9,98.46,129776.56,92383.99
2:34,MCS 2970,7/7/2025 16:32,77825.89,77724.64,1868.1,1980.7,43512.84,42904.82,23269.58,24427.05,5447.27,5489.32,654.97,648.63,3338.25,3493.64,225.39,289.58,5393.25,5291.57,79422.3,147245.03,7548.84,87786.8,833292.81,521448.91,275075.76,253292.72,1629125.1,498916.19,53996.31,8072.82,375799.22,185727.23,127.84,69.71,340056.8,243959.29
2:35,MCS 2971,7/7/2025 16:34,58601.01,58766.07,5161.96,5530.57,36331.51,35768.38,18564.32,19501.82,3352.07,3376.1,907.44,902,10627.89,11043.47,791.04,849.68,6247.62,6087.32,72927.67,135768,25499.02,297179.89,848364.89,530059.18,267607.17,246908.1,1223750.81,374565.32,91168.76,13672.99,1431276.44,713990.21,536.69,243.74,480255.96,342193.18
2:36,MCS 2972,7/7/2025 16:36,49567.71,49207.53,2644.83,2786.25,23727.75,23596.56,16455.69,17169.12,2345.67,2367.56,241.13,236.47,3938.44,4130.09,166.3,204.37,4427.4,4350.36,57054.86,105171.08,12066.05,138813.22,512753.88,323623.78,219438.34,203300.77,793703.59,243450.96,22456.48,3331.49,496717.28,247329.08,106.88,55.92,314754.29,226133.65
2:37,MCS 2973,7/7/2025 16:38,49411.01,49389.92,1248.44,1329.98,13035.33,12843.17,33255.3,35633.48,1652.8,1658.12,130.24,126.78,3921.97,4088.21,135.4,179.17,1370.04,1335.11,61102.57,113400.37,6106.11,71539.15,303125.85,189567.06,475801.89,438084.94,602193.09,183598.06,13063.2,1928.75,530791.94,263004.01,93.9,52.8,104779.74,74587.97
2:38,MCS 2974,7/7/2025 16:40,66794.41,67206.64,1797.16,1947.54,36271.06,35872.93,31795.39,34363.69,2608.65,2616.24,348.62,345.06,4563.28,4752.79,507.23,575.45,6059.29,5905.19,99930.16,186627.2,10659.87,126254.31,1018267.31,639125.05,550556.57,509303.64,1145581.93,349162.87,42159.43,6302.21,743643.13,369834.45,414.56,198.91,560085.05,399183.76
2:39,MCS 2975,7/7/2025 16:42,78068.13,78266.37,2480.89,2667.56,42641.66,41970.32,34522.13,36876.83,4203.06,4253.49,708,701.27,4453.28,4670.64,1170.72,1231.43,8122.35,7918.73,88886.33,165413.14,11199.19,131563.5,911074.24,569095.7,454979.52,418178.48,1403336.9,431585.6,65112.15,9734.07,554704.37,276730.36,725.71,322.53,571310.28,407337.9
2:40,MCS 2976,7/7/2025 16:44,45644.57,45432.08,4305.98,4590.7,8659.45,8505.36,24151.22,25530.31,1349.18,1350.55,240.58,236.82,9149.47,9470.81,333.2,352.33,1157.86,1130.66,53224.31,98373.48,19916.22,231196.24,190265.19,118636.66,325946.27,299935.26,464667.45,141360.95,22694.36,3379.26,1155912.46,573624.16,213.65,96.01,83522.71,59556.56
2:41,MCS 2977,7/7/2025 16:46,61519.89,61722.76,4101.82,4466.13,12240.55,12034.9,34318.73,37093.59,1548.49,1554.82,266.06,264.22,11628.1,12084.85,158.7,202.98,1481.96,1445.09,82605.98,153848,21861.18,259059.59,309157.44,192935.58,533273.13,493723.88,612726.81,186969.19,28896.02,4337.54,1688127.97,843008.45,118.67,64.47,123075.47,87685.31
2:42,MCS 2978,7/7/2025 16:48,147171.5,147552.12,2811.25,3018.42,60057,59327.31,68061.17,72503.37,6953.8,7014.42,466.68,458.28,7956.82,8307.42,471,526.77,8072.36,7860.4,87760.41,163326.6,6635.34,78256.3,672332.44,421509.82,469769.77,430232.29,1216697.81,372976.96,22526.66,3346.43,519689.46,257828.49,155.42,73.97,297464.82,211780.05
2:43,MCS 2979,7/7/2025 16:50,59531.36,59941,1799.41,1952.88,28479.62,28112.08,35287.31,38285.2,2364.05,2376.08,610.64,606.15,3737.47,3909.13,335.99,371.89,8000.88,7797.68,87132.28,162851.85,10439.87,123853.44,782360.43,490109.19,597648.65,553936.58,1016139.49,310378.96,72182.55,10813.19,597689.03,297681.38,269.73,126.56,723370.5,515610.26
S1:8,QC MES 5 ppm,7/7/2025 16:52,5.17,5.15,4.87,5.26,5.19,5.13,5.26,5.54,4.52,4.8,5.04,5.09,4.97,5.2,4.99,4.94,5.17,5.04,24441.76,45242.7,91191.31,1069513.2,459935.79,288448.61,287387.2,264638.88,6221566.59,2011000.92,1915728.08,292010.48,2528379.82,1273016.09,12752.41,5319.51,1505025.46,1073939.21
S1:9,SJS-Std,7/7/2025 16:54,78645.71,78150.68,19416.86,20447.43,36770.2,36206.75,21957.87,22790.06,14512.36,14750.08,577.02,567.2,12443.93,12850.45,620.72,694.16,3580.14,3487.73,45957.17,84814.33,45029.55,515059.13,403501.31,252176.14,148786.79,141003.21,2480612.95,766204.51,27255.97,4050.53,790710.73,390163.07,199.62,94.8,129283.86,92025.85
2:44,MCS 2980,7/7/2025 16:56,58421.23,58021.16,2567.12,2712.06,47581.75,46925.32,24381.17,25567.36,3922.02,3957.86,1261.1,1247.74,3869.84,4071.9,405.41,469.89,10109.01,9885.97,56632.21,104436.55,9857.97,113918.31,865158.35,541485.1,273665.24,251806.21,1115431.68,342074.69,98654.89,14726.3,412680.18,205467.29,216.09,106.22,605058.4,432736.42
2:45,MCS 2981,7/7/2025 16:58,75218.69,75355.62,5778.91,6201.97,47595.81,47085.91,19312.39,20295.06,8366.49,8565.04,688.89,680.27,3625,3737.1,242.17,315.09,6849.16,6695.56,94114.29,175011.57,28711.6,335051.96,1117323.61,701481.3,279939.56,257827.4,3063567.47,953102.73,69620.56,10375.64,497236.42,243414.56,167.43,92.28,529455.53,378511.62
2:46,MCS 2982,7/7/2025 17:00,87308.25,87305.69,1508.35,1611.18,56960.87,56211.48,36644.09,38957.54,4777.25,4812.11,1064.58,1055.77,3109.01,3239.23,955.21,1037.6,11241.12,10962.4,82750.92,153607.49,5654.27,66497.7,1012905.58,634360.38,402066.22,369225.1,1327994.14,406523.8,81477.45,12192.69,326361.51,160030.84,493.89,226.87,658123.42,469383.07
2:47,MCS 2983,7/7/2025 17:02,36776.59,36602.98,650.14,685.04,15083.53,14925.68,22827.29,24213.6,1646.65,1652.24,125.16,121.26,2028.42,2087.33,101.43,107.78,1752.54,1701.5,53521.99,98916.71,3730.95,43636.59,412302.84,258943.48,384404.35,352757.75,705001.7,214980.39,14761.45,2167.67,326761.27,158265.06,83.15,38.02,157610.83,111831.15
2:48,MCS 2984,7/7/2025 17:04,80546.22,81441.94,5454.08,5951.29,25747.11,25425.7,27200.08,28960.12,2684.22,2711.87,384.72,381.25,10696.65,11183.95,208.97,244.18,2590.04,2522.23,118640.6,222642.68,31908.74,378462.89,712074.11,446272.4,463852.4,424745.63,1160618.8,356340.01,45805.22,6854.37,1703893.86,856055.01,170.06,84.4,235848.38,167903.16
2:49,MCS 2985,7/7/2025 17:06,78106.89,77999.8,2061.71,2196.9,54141.27,53362.45,23285.91,24488.83,5244.72,5288.43,750.62,741.78,5778.07,5954.55,567.91,644.31,8573.06,8362.37,82239.45,152454.1,8599.74,100360.54,1069462.98,668945.64,283998.47,261576.88,1618434.08,495943.22,63834.62,9521.41,663609.95,326114.32,327.27,157.18,557605.84,397765.42
2:50,MCS 2986,7/7/2025 17:08,72729.68,72557.29,1978.6,2104.55,28018.01,27706.1,42585.95,45477.13,2942.96,2955.19,325.51,319.94,5005.25,5254.2,211.07,250.66,4350.1,4233.75,65794.17,121863.86,7084.39,82708.88,476022.67,298754.88,445808.1,409870.31,782853.7,238900.34,23824.92,3541.79,496229.7,247335.12,106.65,53.99,243144.94,173000.68
2:51,MCS 2987,7/7/2025 17:10,71643.14,71533.06,944.29,1031.26,30425.61,30226.44,33190.48,35183.56,3491.36,3518.39,237.44,234.13,2757.19,2823.93,224.29,275.63,4701.37,4581.86,69293.07,128446.91,3601.72,43671.97,552525.76,348366.82,371598.1,341191.13,991576.59,303671.41,18598.57,2776.21,296207.76,142413.92,120.73,63.09,280937.62,200179.45
2:52,MCS 2988,7/7/2025 17:11,55865.13,55633.45,1150.24,1196.99,29949.72,29946.67,21782.91,22780.48,2671.78,2684.76,220.39,217.05,2633.21,2696.07,251.53,322.49,3782.64,3680.88,50230.37,92892.11,4080.34,47046.77,505483.82,320772.75,226841.99,210219.87,706649.05,215794.86,16051.51,2394.62,263942.92,126416.53,125.68,68.4,210087.46,149441.55
2:53,MCS 2989,7/7/2025 17:13,74200.13,75325.27,1460.96,1612.8,24854.46,24632.25,56919.45,63448.57,2394.03,2413.14,298.41,295.38,3673.4,3936.09,299.21,328.34,4324.95,4242.87,109529.47,206372.17,8545.37,103296.94,688871.13,433278.11,972080.81,917696.62,1037894.13,317932.24,35620.25,5326.77,592654.06,302341.18,242.62,112.96,394527.11,283017.58
S1:8,QC MES 5 ppm,7/7/2025 17:15,5.17,5.16,4.88,5.26,5.19,5.14,5.27,5.56,4.52,4.8,5.03,5.09,4.99,5.22,4.99,4.92,5.17,5.05,24433.19,45338.99,91343.99,1068030.35,459981.3,288737.46,287814.04,265442.63,6225495.24,2011847.82,1911486.66,291973.13,2535573.33,1277875.06,12749.29,5302.43,1504791.55,1074843.99
S1:9,SJS-Std,7/7/2025 17:17,78791.5,78208.6,19437.11,20538.79,36684.26,36414.97,22042.19,22855.39,14502.08,14753.58,576.53,567.1,12476.91,12803.52,634.22,754.79,3590.02,3498.17,46042.21,84877.01,45076.54,517357.11,402560.93,253622,149355.91,141371.85,2478860.84,766385.55,27233.01,4049.81,792781.02,388740.71,203.9,102.89,129640.14,92301.39
2:54,MCS 2990,7/7/2025 17:19,75957.42,76614.66,4354.52,4768.82,19240.23,19063.33,35990.91,39154.53,1837.28,1846.67,287.3,284.07,8365.65,8733.81,194.88,224.36,2196.55,2144.8,111010.98,207822.48,25270.76,301037.57,528244.73,332173.6,608781.57,565530.69,789917.58,241283.44,33958.1,5073.09,1324298.53,663429.34,157.59,77.13,198482.81,141665.85
2:55,MCS 2991,7/7/2025 17:21,72440.53,72659.96,1581.99,1703.43,42060.88,41543.07,31795.97,34208.03,3414.46,3455.36,775.71,768.08,3315.58,3507.91,328.15,400.24,9733.42,9497.21,97326.85,181200.62,8420.91,99319.83,1060341.92,664634.84,494477.49,456608.32,1345594.22,413818.41,84167.4,12574.98,488538.85,245349.4,242.18,125.07,807860.55,576513.25
2:56,MCS 2992,7/7/2025 17:23,70639.95,71023.07,5010.69,5443.28,34442.56,33924.78,22923.73,24362.91,3789.64,3824.66,619.56,613.42,10711.8,11181.87,378.4,447.49,4965.59,4876.41,101660.27,189715.81,28635.61,338246.47,930236.03,581483.07,382009.03,351287.76,1598744.53,490350.66,72019.84,10761.09,1667150.88,836165.63,298.39,149.35,441564.23,317101.85
2:57,MCS 2993,7/7/2025 17:25,72891.55,73339.18,4971.46,5389.26,20214.7,19949.03,30751.88,32918.65,2409.49,2422.05,183.71,180.58,9428.52,9790.15,218.53,253.65,2533.81,2470.59,95264.28,177911.97,25797.45,304181.64,496315.04,310857.07,465234.61,428210.34,925338.75,282678.64,19446.88,2893.32,1334474.3,664942.91,158,77.95,204714.18,145908.47
2:58,MCS 2994,7/7/2025 17:27,57988.17,58334.37,5269.29,5697.73,13830.02,13725.41,25866.64,27588.16,1711.46,1719.21,227.79,224.67,9459.73,9861.43,231.88,255.47,1551.64,1512.37,90400.23,168803.84,32621.04,383401.44,405222.57,255241.55,466762.54,428055.43,784792.07,239579.66,28726.26,4282.74,1595110.35,798766.83,199.12,93.2,149579.97,106544.9
2:59,MCS 2995,7/7/2025 17:29,81702.7,82209.59,6919.54,7496.7,32034.67,31515.47,27606.29,29327.88,4344.09,4382.55,595.37,587.01,15707.03,16534.74,369.76,404.25,4331.93,4243.13,95900.17,179110.15,32254.8,379843.05,705907.31,440742.41,375205.87,345112.33,1495006.8,458356.09,56460.31,8403.6,1991862.21,1008273.47,238.45,110.62,314226.42,225042.43
0.125,MCS 2996,7/7/2025 17:31,68190.81,68254.94,1620.06,1751.48,30888.41,30341.29,33206.18,35806.08,3509.82,3573.32,391.2,386.69,4135.15,4278.7,212.91,237.37,4463.49,4383.82,92646.42,172132.21,8721.04,103236.35,787693.86,491050.44,522155.8,482562.86,1398441.12,432660.7,42957.71,6412.92,613619.8,302455.84,159.98,75.89,374713.99,269108.62
3:01,MCS 2997,7/7/2025 17:33,62728.44,62675.93,1180.4,1271.26,19068.61,18849.89,44457.74,48341.43,2001.29,2015.7,317.6,312.79,4617.55,4815.6,161.31,176.93,4636.38,4542.48,77263.33,143311.23,5750.44,68162.02,441268.86,276851.86,633541.82,587760.64,725365.13,222022.46,31632.37,4707.98,620967.22,308540.61,110.86,51.99,352816.37,252756.52
3:02,MCS 2998,7/7/2025 17:35,67318.73,67635.64,1605.92,1727.76,33534.56,33120.14,25666.58,27357.42,3555.18,3577.58,566.06,562.87,2442.72,2554.66,231.54,286.93,4165.37,4069.17,96880.08,180670.67,9158.8,107843.39,905702.23,567683.92,427629.15,392923.28,1500101.67,458757.22,65805.1,9875.77,387548.67,191533.18,183.81,96.55,370419.43,264602.73
3:03,MCS 2999,7/7/2025 17:37,60052.48,60054.45,2282.66,2429.21,37695.05,37182.19,22786.4,24001.04,3608.82,3637.14,731.9,726.33,3360.84,3501.01,239.66,315.32,10218.42,9934.77,67451.1,125230.96,10159.75,118229.28,794428.49,497316.02,296370.87,272861.02,1189142.03,364215.89,66381.02,9942.4,415306.16,204742.93,149.05,83.1,708788.74,503989.6
S1:8,QC MES 5 ppm,7/7/2025 17:39,5.17,5.16,4.87,5.27,5.18,5.15,5.25,5.53,4.52,4.8,5.03,5.1,4.94,5.18,4.98,4.94,5.21,5.06,24404.96,45348.63,91171.88,1070960.78,458735.92,289384.04,286836.31,264446.35,6221825.79,2011235.14,1911809.49,292493.9,2510388.39,1268823.74,12727.53,5324.49,1515789.35,1077825.7
S1:9,SJS-Std,7/7/2025 17:41,78658.64,77928.37,19387.38,20442.31,36606.5,36217.8,21935.4,22756.63,14449.26,14693.45,575.14,565.11,12424.22,12832.16,631.51,706.87,3567.8,3482.47,45964.71,84573.73,44961.14,514930.32,401710.02,252252.82,148635.11,140814.56,2469851.77,763268.72,27167.29,4035.71,789473.63,389608.65,203.04,96.5,128838.82,91887.11
3:04,MCS 3000,7/7/2025 17:43,77519.89,77281.56,1920.97,2047.87,30819.31,30425.67,37623.13,39935.39,2684.3,2692.15,224.03,216.83,7506.2,7706.53,319.81,418.27,3337.71,3253.43,67825.99,125535.99,6650.88,77884.51,506377.45,317277.27,381026.41,349994.02,691269.1,210694.97,15884.53,2329.39,715469.95,350606.99,154.81,85.79,180492.22,128592.44
3:05,MCS 3001,7/7/2025 17:45,80752.54,80371.08,1460.37,1534.1,37105.48,36781.49,30563.43,32072.74,4616.43,4652.68,369.03,362.15,3201.69,3275.36,270.72,315.28,4610.54,4493.79,58991.13,109015.14,4210.83,48971.16,508925.99,320176.03,258572.92,238733.65,990075.56,303244.9,21814.49,3238.86,260917.37,124815.54,110.32,54.8,208098.56,148266.38
3:06,MCS 3002,7/7/2025 17:47,64604.87,64592.36,2652.61,2818.44,26460.18,26240.08,20798.02,21826.2,3275.27,3291.64,327.12,322.52,5638.65,5863.03,198.73,249.51,3352.85,3266.96,70705.14,131238.57,11508.1,133572.76,543752.28,342225.63,263656.17,243204.63,1052260.09,321383.19,28951.84,4314.73,672887.7,333694.16,121.04,64.58,226752.22,161517.61
3:07,MCS 3003,7/7/2025 17:49,46691.44,46641.01,1877.56,2014.85,10084.49,9926.26,30818.04,32872.14,1099.02,1092.6,121.05,118.46,5573.36,5759.83,158.49,194.14,1525.88,1485.04,57575.81,106790.44,9169.93,107699.46,234082.01,146258.41,439688.8,403953.14,401064.14,121187.46,12111.2,1798.4,748099.26,369196.45,109.06,56.87,116336.87,82718.53
3:08,MCS 3004,7/7/2025 17:51,102028.89,102299.69,1129.19,1192.06,51972.46,51163.26,25563.66,26834.37,5135.96,5206.56,483.3,478.88,2499.49,2575.05,402.94,474.45,6718.08,6600.08,93838.4,174643.79,4100.57,47947.72,897053.55,560437.49,272397.12,250934.44,1385340.99,426784.13,35939.3,5379.88,256738.61,123613.24,204.06,101.9,381790.9,274272.38
3:09,MCS 3005,7/7/2025 17:53,76641.84,76952.24,2337.93,2519.69,33073.2,32643.99,34738.45,37096.29,3950.45,4009.09,357.88,352.78,4512.23,4716.29,246.49,290.68,4890.02,4808.9,90086.82,167898.27,10894.8,128312.29,729742.66,457116.18,472632.58,433810.04,1361860.4,420003.12,34014.32,5066.16,579805.12,288454.62,160.23,80.27,355164.71,255390.81
3:10,MCS 3006,7/7/2025 17:55,59601.36,59128.13,1622.75,1705.49,9188.07,9075.49,49789.67,52850.16,1345.72,1336.22,127.29,121.62,4150.29,4265.38,162.65,231.79,1782.1,1738.57,38715.54,71345.86,4157.25,48383.77,112860.78,70783.99,374032.03,343790.8,260426.59,78601.57,6737.92,982.34,299077.51,144325.66,60.38,36.56,71599.92,50990.94
3:11,MCS 3007,7/7/2025 17:57,62683.83,62823.32,984.26,1050.85,12857.91,12671.93,50665.94,54798,1504.96,1505.53,161.6,157.31,3420.89,3588.93,118.3,127.21,3386.28,3299.41,60194.87,112012.88,3727.7,44168.25,232448.64,145418.15,562807.51,520738.13,427364.56,129930.95,12589.1,1859.17,362605.08,179498.09,64.73,30.1,200927.76,143104.99
3:12,MCS 3008,7/7/2025 17:59,47051.28,46841.75,1493.16,1567.46,18512.41,18355.79,20508.58,21465.02,2233.59,2252.61,136.53,134.15,3710.47,3885.42,180.1,224.54,2637.69,2570.12,50782.84,93884.04,6373.48,73547.74,375356.22,236219.2,256297.26,236150.26,709126.08,217333.07,11955.64,1782.48,439839.76,218214.6,108.47,57.54,175887.67,125262
3:13,MCS 3009,7/7/2025 18:01,83414.13,84463.11,4455.11,4895.66,26170.57,25840.15,35641.47,38826.15,3008.58,3051.29,631.24,626.58,10853.93,11346.36,186.85,216.92,2836.62,2771.57,127360.53,239343.89,27015.13,322843.1,750243.02,470123.95,629869.55,585472.8,1347659.66,415358.56,77856.61,11661.87,1791798.07,900272.37,157.86,77.89,267739.41,191257.25
S1:8,QC MES 5 ppm,7/7/2025 18:03,5.15,5.15,4.86,5.26,5.16,5.1,5.26,5.53,4.5,4.8,5,5.06,4.96,5.22,4.96,4.9,5.14,5.02,24313.25,45195.24,91053.97,1067792.33,456914.14,286708.05,286960.51,264280.51,6198575.16,2009515.83,1901225.22,289967.24,2521802.52,1278568.34,12670.52,5280.13,1494894.47,1069886.05
S1:9,SJS-Std,7/7/2025 18:05,78583.63,78110.71,19449.98,20517.4,36571.73,36332.01,22033.78,22897.84,14499.84,14750.87,576.43,566.59,12522.07,12819.41,654.68,700.25,3571.85,3491.57,45920.95,84771.07,45106.39,516819.12,401329.53,253045.95,149299.19,141611.37,2478477.43,766245.41,27228.22,4046.2,795615.65,389222.15,210.37,95.61,128984.87,92127.25
3:14,MCS 3010,7/7/2025 18:07,60165.42,60393.47,4650.82,5009.82,19959.12,19846.02,32576.38,34823.23,2177.83,2189.02,238.46,236.43,8349.45,8640.12,169.53,174.95,2647.16,2585.6,72159.75,134469.5,22137.25,259524.34,449688.59,283785.45,452163.86,415952.32,768238.71,234668.27,23144.7,3470.78,1085977.44,538508.48,113.37,50.13,196222.47,140094.75
3:15,MCS 3011,7/7/2025 18:09,48592.36,48486.58,3819.59,4096.16,9528.59,9341.69,27049.55,28739.77,994.1,989.35,89.97,87.98,7627.04,7936.94,139.88,144.36,1483.48,1448.7,58765.31,108875.46,18322.89,214033.01,217005.92,135054.55,378577.46,348145.65,356403.6,107806.83,8848.84,1316.16,1000786.92,498726.55,94.83,42.07,110936.9,79142.72
3:16,MCS 3012,7/7/2025 18:11,76362.26,76553.76,2580.77,2730.95,45242.62,44618.6,17974.53,18795.5,5871.13,5938.92,838.76,831.52,3056.89,3157.9,348.02,406.52,5613.97,5495.99,84841.75,157885.37,11368.26,131428.37,943191.29,590322.27,231437.32,214213.76,1910849.16,587412.08,75258.03,11258.82,374706.7,182793.33,212.76,105.39,385373.63,275875.25
S1:8,QC MES 5 ppm,7/7/2025 18:17,5.14,5.15,4.87,5.25,5.17,5.11,5.26,5.54,4.51,4.8,5,5.06,4.95,5.18,4.94,4.91,5.15,5.03,24281.9,45187.64,91222.33,1066947.6,457817.98,287345.46,287119.8,264658.43,6214145.48,2011669.29,1900887.21,290349.55,2519200.11,1268734.65,12630.98,5290.45,1499977.73,1071788.79
S1:9,SJS-Std,7/7/2025 18:19,78749.22,78346.71,19524.99,20572.49,36705.58,36520.35,22104.97,22954.23,14535.1,14785.41,578.33,566.41,12527.02,12869.94,632.22,739.65,3590.37,3507.01,46017.55,85026.48,45280.47,518204.84,402794.16,254353.76,149779.71,141929.56,2484492.21,768035.34,27317.75,4044.95,795926.65,390753.66,203.26,100.87,129652.8,92534.36
S1:1,Wash,7/7/2025 18:21,0,0.00 u,0,0,0,0.00 u,0.00 u,-0.01 u,0,0,0,0.00 u,0.00 u,0,0.00 u,0.00 u,0.00 u,0.00 u,88.62,249.4,47.22,910.75,1186.79,755.44,571.66,11847.87,5571.69,1699.31,97.12,23.2,7986.33,712.24,3.05,5.47,176.67,33.65
